difficulty,accuracy,uncertainty
easy,0.8607594936708861,0.22068918496630235
hard,0.7024793388429752,0.25584922876017224
