group,value,H-statistic,p-value
difficulty,uncertainty,5.132256387275902,0.023485177984857747
difficulty,accuracy,6.627186340797058,0.010043378670574536
biopsy_location,uncertainty,11.213956069913934,0.024261812509031016
biopsy_location,accuracy,4.137999645366449,0.3876516682533546
sex,uncertainty,2.2431347263682255,0.13420865750432068
sex,accuracy,1.5515598201456575,0.2129053168455239
