sex,accuracy,uncertainty
m,0.736,0.26347444227575534
v,0.8133333333333334,0.2061052934379908
